sector,file_path,status,last_audited,primary_issue_count,secondary_issue_count,notes
Backend - API Gateway,kelmah-backend/api-gateway/,critical-issues,2025-10-04,2,2,"CRITICAL PRODUCTION FAILURES - Oct 4 2025: 2 PRIMARY BLOCKING: (1) RENDER SERVICE CRASHED - API Gateway service crashed on Render around 02:02:20 UTC. Frontend shows 'No Access-Control-Allow-Origin header' but this is misleading - actual issue is 502 Bad Gateway because backend service is DEAD. CORS code is CORRECT (verified server.js lines 150-195, all Vercel patterns match production URLs). Backend logs show CORS working at 02:02:18 UTC, then complete failure 2 seconds later. NOT a code issue - service restart required (3-4 min fix). (2) MongoDB Connection Timeout - users.findOne() buffering timed out after 10000ms, affects ALL protected endpoints with 10-second delays and 500 errors. Root cause: MONGODB_URI likely missing from Render environment variables. Must fix service crash FIRST (enables basic API access), then MongoDB SECOND (enables authentication). IMPACT: Platform 100% unusable - users cannot reach API at all (crashed service), authenticated endpoints fail IF service restarted (MongoDB). 2 SECONDARY: Backup file cleanup, incomplete docs. Grade F - PRODUCTION DOWN - SERVICE RESTART URGENT."
Backend - Shared Resources,kelmah-backend/shared/,primary-complete,2025-10-04,0,1,"Excellent consolidation - 100% model consistency. 21 files audited. 0 PRIMARY: All 6 services import shared models via require('../../../shared/models') - ZERO drift detected. Centralized JWT utilities (access/refresh token with version tracking), standardized error types (8 classes), service trust middleware (gateway auth propagation), comprehensive User model (365 lines with Ghana phone validation, geolocation, worker profiles), Job model (349 lines with bidding system, Ghana regions). 1 SECONDARY: Missing shared/README.md documentation. Grade A."
Backend - Auth Service,kelmah-backend/services/auth-service/,primary-complete,2025-10-04,0,3,"Production-ready authentication. 40+ files audited. 0 PRIMARY: Comprehensive security (bcrypt 12 rounds, JWT tokens, email/phone verification, password reset, 2FA support, account locking 5 attempts/30min, OAuth integration). EXCELLENT: Direct MongoDB driver in login (resolves disconnection issues), timing attack protection, user enumeration prevention, device fingerprinting, token version tracking, CORS with Vercel preview patterns. Uses shared User/RefreshToken models correctly, RevokedToken service-specific (JWT blacklist). 1290-line controller with register/login/verify/reset/2FA flows. 3 SECONDARY: Nested config/config/ directory, settings endpoints misplaced (should be user-service), rate limiter fallback. Grade A."
Backend - User Service,kelmah-backend/services/user-service/,primary-complete,2025-10-04,0,1,"Production-ready worker profiles. 0 PRIMARY: Properly imports shared User model, 8 service-specific models (WorkerProfileMongo, Portfolio, Certificate, Skill, SkillCategory, WorkerSkill, Availability, Bookmark). Worker domain management with skills, portfolios, certificates, availability scheduling. 1 SECONDARY: Removed Setting model comment needs documentation (in-memory storage decision). Grade A."
Backend - Job Service,kelmah-backend/services/job-service/,primary-complete,2025-10-04,0,0,"EXCELLENT production-ready. 0 PRIMARY, 0 SECONDARY: Perfect model consolidation - imports 4 shared models (Job, Application, User, SavedJob), 6 service-specific models (Bid, UserPerformance, Category, Contract, ContractTemplate, ContractDispute). Bidding system, contract management, performance tracking, job categorization. Grade A+."
Backend - Payment Service,kelmah-backend/services/payment-service/,primary-complete,2025-10-04,0,1,"Production-ready payments. 0 PRIMARY: Imports 3 shared models (User, Job, Application), 8 service-specific models (Transaction, Wallet, PaymentMethod, Escrow, Bill, WebhookEvent, IdempotencyKey, PayoutQueue). Transaction processing, escrow, webhook handling, idempotency, batch payouts. 1 SECONDARY: Verify webhook persistence and idempotency implementation. Grade A."
Backend - Messaging Service,kelmah-backend/services/messaging-service/,primary-complete,2025-10-04,0,2,"Production-ready real-time messaging. 0 PRIMARY: Imports 2 shared models (Conversation, User), 3 service-specific models (Message extended, Notification extended, NotificationPreference). Socket.IO integration for real-time. 2 SECONDARY: Verify no duplication between extended and shared Message/Notification models; verify Socket.IO handshake with gateway tokens. Grade A."
Backend - Review Service,kelmah-backend/services/review-service/,primary-complete,2025-10-04,0,1,"Production-ready reviews. 0 PRIMARY: Imports 3 shared models (User, Job, Application), 2 service-specific models (Review, WorkerRating). Job/worker review system with aggregated ratings. 1 SECONDARY: Backup file cleanup needed (per copilot-instructions). Grade A."
Backend - Orchestration Scripts,kelmah-backend/,primary-complete,2025-10-04,0,0,"Production-ready scripts. 0 PRIMARY, 0 SECONDARY: Individual service startup scripts (7 services), LocalTunnel automation with config updates, testing utilities (auth, notifications), database management (cleanup, user creation, job seeding). Comprehensive documentation in copilot-instructions.md. Grade A-."
Frontend - Configuration & Environment,kelmah-frontend/src/config/,fixes-in-progress,2025-10-04,5,5,"WEEK 1 FIXES COMPLETED (Oct 4): Fixed axios tunnel URL caching with dynamic baseURL interceptor, added LocalTunnel support with backward compatibility, removed all 12 hardcoded URLs from services.js. REMAINING: 5 PRIMARY (dev port swap clarification, messaging path duplication, circular config dependency, redundant endpoint maps, missing tunnel fallbacks in other files), 5 SECONDARY (duplicated websocket helpers). Commits: 234a8e8f (core fixes), 3e96f24c (raw axios). Grade improved from C+ to B."
Frontend - Core API & Services,kelmah-frontend/src/modules/common/services/,fixes-in-progress,2025-10-04,15,21,"WEEK 1 FIXES COMPLETED (Oct 4): Fixed axios tunnel URL caching with dynamic baseURL interceptor - automatic LocalTunnel URL updates working. REMAINING: 15 PRIMARY (workerService/portfolioService DTO disagreements, certificateService regression, earningsService non-existent routes, applicationsApi broken endpoints, availability dead routes, portfolioApi Sequelize controller), 21 SECONDARY (client reset hooks, DTO normalization, upload consolidation, etc.). Axios layer now production-ready. Commits: 234a8e8f (axios interceptor). Grade improved from D+ to C+." 
Frontend - Shared Components,kelmah-frontend/src/components/,primary-complete,2025-10-03,0,4,"ErrorBoundary duplication (custom vs react-error-boundary library); 6 potentially unused components (BreadcrumbNavigation, DepthContainer, InteractiveChart, NotificationCenter, NotificationTrigger, SmartNavigation); misplaced PaymentMethodCard.jsx; missing barrel exports. Recommend standardizing on library error boundaries, auditing unused components, reorganizing file structure, and adding index exports."
Frontend - Domain Modules,kelmah-frontend/src/modules/,fixes-in-progress,2025-10-04,1,11,"WEEK 1 FIXES COMPLETED (Oct 4): Fixed raw axios in Search (GeoLocationSearch.jsx), Map (mapService.js - CRITICAL BUG FIXED: undefined API_URL), Reviews (reviewsSlice.js), Dashboard (dashboardService.js), Messaging (Messages.jsx), Jobs (JobSearch.jsx, JobListing.jsx), Admin (SkillsAssessmentManagement.jsx). All 8 files now use centralized axiosInstance with automatic auth/tunnel handling. REMAINING: 1 PRIMARY (Contracts undefined authServiceClient, Worker broken services), 11 SECONDARY (manual WebSocket setups, route mismatches, DTO mismatches). Commits: 234a8e8f, 3e96f24c. Grade improved from C to B+."
Frontend - Hooks,kelmah-frontend/src/hooks/,primary-complete,2025-10-03,2,3,"2 CRITICAL issues: useEnhancedApi.js and useServiceStatus.js reference non-existent '../services/EnhancedServiceManager' causing import errors. PASSING hooks (13/15): useApi.js (universal API hook with proper delegation), useWebSocket.js (Socket.IO with authService integration), useAuditNotifications.js (delegates to useWebSocket), useAuthCheck.js (Redux integration), useBackgroundSync.js (delegates to backgroundSyncService), useDebounce/useResponsive/useCustomHooks/useAutoShowHeader/useNavLinks/usePayments/useRealTimeAnalytics (pure utilities). 3 secondary issues: Hook duplication (useApi vs useEnhancedApi), useWebSocket should be centralized service (prevent duplicate connections), useRealTimeAnalytics duplicate WebSocket setup. Remediation: Deprecate useEnhancedApi or create EnhancedServiceManager wrapper; refactor useServiceStatus to use utils/serviceHealthCheck.js; centralize WebSocket in common/services/socketClient.js; document canonical hooks in README."
Frontend - Utilities & Constants,kelmah-frontend/src/utils/,primary-complete,2025-10-03,0,2,"0 PRIMARY: Core utilities production-ready. 2 SECONDARY: resilientApiClient.js unused dead code (418 lines, delete or archive); formatters.js and userUtils.js underutilized (should be imported in job/payment/dashboard services and auth Redux slices). secureStorage.js and serviceHealthCheck.js are excellent - actively used, well-designed, production-ready. Recommend deleting resilientApiClient and promoting formatter/normalization usage."
Frontend - State Management,kelmah-frontend/src/store/,fixes-in-progress,2025-10-04,0,2,"WEEK 1 FIXES COMPLETED (Oct 4): Reviews slice (reviewsSlice.js) now uses centralized axiosInstance - removed raw axios. All 3 async thunks (submitReview, fetchReviewsByRecipient, fetchReviewsByContract) updated with automatic auth/baseURL handling. REMAINING: 0 PRIMARY (all critical issues resolved), 2 SECONDARY (Settings/Profile slices need async thunks, slice organization documentation needed). Commit: 3e96f24c. Redux architecture fully production-ready. Grade improved from A to A+."
Frontend - Routing,kelmah-frontend/src/routes/,primary-complete,2025-10-03,0,2,"0 PRIMARY: Routing architecture production-ready. 2 SECONDARY: Route organization inconsistency (publicRoutes array export vs component exports for role-based routes); duplicate auth route definitions (login/register in both App.jsx and publicRoutes.jsx). 50+ routes across 4 role levels with excellent ProtectedRoute guard component (Redux-only auth, flexible role checking, loading states). Worker routes use ErrorBoundary and useMemo for performance. Clear module ownership and role-based access control. Recommend standardizing route export pattern and deduplicating auth routes."
Frontend - Styling & Theming,kelmah-frontend/src/styles/,primary-complete,2025-10-03,0,2,"0 PRIMARY: Styling system production-ready. 2 SECONDARY: Legacy theme.js duplicate (styles/theme.js has old branding, should delete); missing theme toggle UI (useThemeMode hook exists but no toggle button in Header/Settings). Excellent Ghana-inspired Black & Gold brand identity applied consistently via theme/index.js (868 lines) with dark/light themes, KelmahThemeProvider with persistent localStorage, 20+ Material-UI component overrides, animations.js with reusable keyframes, growing styled components adoption across modules. Recommend deleting legacy theme file and adding ThemeToggle component."
Frontend - Public Assets & PWA,kelmah-frontend/public/,primary-complete,2025-10-03,0,3,"Excellent PWA implementation with Ghana-optimized offline support (sw.js v1.0.1 with 8 precached pages, intelligent caching strategies). Runtime-config.json automation via LocalTunnel protocol (auto-updates on tunnel change). Branded offline.html with Black & Gold theme. 3 SECONDARY: Incomplete PWA icon set (only SVG, missing 9 PNG sizes 72x72-512x512); asset organization unclear (no inventory for assets/icons/images/); image optimization status unknown (need WebP conversion and build pipeline). Service worker caches jobs/workers/profile/messages/wallet APIs, network-first for auth/payments. PWA manifest has Ghana locale (en-GH), app shortcuts, standalone display, portrait orientation. Grade A- production-ready."
Frontend - Tests & Tooling,kelmah-frontend/src/tests/,primary-complete,2025-10-03,2,4,"Production-ready tooling but CRITICAL coverage gap: Only 8 test files for 600+ source files (<2% coverage). 2 PRIMARY: Minimal jest.config.js (missing moduleNameMapper, coverageThreshold, setupFilesAfterEnv, testMatch patterns); Inadequate test coverage (0 tests for Dashboard/Worker/Hirer/Payment/Reviews modules, 14 Redux slices, 100+ components). 4 SECONDARY: Missing Jest/jsdom dependencies; No integration/E2E tests; Incomplete API mocking (no MSW); No test scripts in package.json. PASSING: Excellent setup.js with MUI/IntersectionObserver/matchMedia mocks, comprehensive mock infrastructure (7 mocks for file/style/mui), 4 exemplary unit tests (formatters, secureStorage, useDebounce, jobsApi alias), 4 component tests (Login 227 lines comprehensive, Chatbox, MessageInput, ContractContext). Grade C (Tooling A- / Coverage F). Need 8-week roadmap: Phase 1 Redux slices, Phase 2 hooks/utils, Phase 3 components, Phase 4 E2E tests."
Frontend - Documentation & Spec,kelmah-frontend/docs/,primary-complete,2025-10-04,0,3,"Excellent architectural documentation with production-ready guides. 0 PRIMARY: Core docs are comprehensive and developer-focused. 3 SECONDARY: Empty src/api/README.md (needs API architecture and deprecation status); Limited module documentation (only 2/15 modules have READMEs - Dashboard and Map covered, need Auth/Jobs/Messaging/Worker/Hirer/Payment/Contracts/Notifications/Settings/Profile/Common/Layout/Search/Home); Audit findings not documented (43 primary/65 secondary issues from October audits not reflected in docs, need AUDIT_FINDINGS.md with remediation roadmap). EXCELLENT: Project README.md (97 lines with setup/structure/environment), REFACTORING-COMPLETION.md (92 lines architectural transformation), SECURITY_IMPLEMENTATION.md (148 lines comprehensive security), INTERACTIVE_COMPONENTS_CHECKLIST.md (QA checklist), Real-time Collaboration Spec (2,790 lines across 7 files: spec/plan/tasks/data-model/quickstart/research/websocket-contracts with Constitution Check, 12 functional requirements, 50+ tasks, 5 entities, complete API contracts). Grade A- production-ready."
